{"cameraMode":{"drawMode":0,"name":"Shaded","section":"Shading Mode"},"sceneLighting":true,"audioPlay":false,"sceneViewState":{"m_AlwaysRefresh":false,"showFog":true,"showSkybox":true,"showFlares":true,"showImageEffects":true,"showParticleSystems":true,"showVisualEffectGraphs":true,"m_FxEnabled":true},"in2DMode":false,"pivot":{"x":0.10000085830688477,"y":28.599998474121095,"z":0.5999984741210938},"rotation":{"x":-0.07201370596885681,"y":0.9073737263679504,"z":-0.1738564819097519,"w":-0.37584659457206728},"size":96.84124755859375,"orthographic":false}