{
    "name": "root",
    "metadata": {
        "timer_format_version": "0.1.0",
        "start_time_seconds": "1690067051",
        "python_version": "3.10.7 (tags/v3.10.7:6cc6b13, Sep  5 2022, 14:08:36) [MSC v.1933 64 bit (AMD64)]",
        "command_line_arguments": "D:\\Unity Projects\\Senior-Project-ProcGenPlatformer\\machine-learning-stuff\\virtualenv_ml_code\\Scripts\\mlagents-learn ai_opponent_config.yaml --run-id=AI-Opponent-Platforms --force",
        "mlagents_version": "0.30.0",
        "mlagents_envs_version": "0.30.0",
        "communication_protocol_version": "1.5.0",
        "pytorch_version": "2.0.1+cpu",
        "numpy_version": "1.21.2",
        "end_time_seconds": "1690067058"
    },
    "total": 7.160910300000069,
    "count": 1,
    "self": 0.003382200000260127,
    "children": {
        "run_training.setup": {
            "total": 0.06388819999983752,
            "count": 1,
            "self": 0.06388819999983752
        },
        "TrainerController.start_learning": {
            "total": 7.093639899999971,
            "count": 1,
            "self": 6.679999978587148e-05,
            "children": {
                "TrainerController._reset_env": {
                    "total": 7.0191425999998955,
                    "count": 1,
                    "self": 7.0191425999998955
                },
                "TrainerController.advance": {
                    "total": 0.010104000000183078,
                    "count": 1,
                    "self": 3.800000058618025e-06,
                    "children": {
                        "env_step": {
                            "total": 0.01010020000012446,
                            "count": 1,
                            "self": 5.360000022847089e-05,
                            "children": {
                                "SubprocessEnvManager._take_step": {
                                    "total": 0.010046599999895989,
                                    "count": 1,
                                    "self": 1.0899999779212521e-05,
                                    "children": {
                                        "TorchPolicy.evaluate": {
                                            "total": 0.010035700000116776,
                                            "count": 1,
                                            "self": 0.010035700000116776
                                        }
                                    }
                                }
                            }
                        }
                    }
                },
                "TrainerController._save_models": {
                    "total": 0.06432650000010653,
                    "count": 1,
                    "self": 0.0053921000001082575,
                    "children": {
                        "RLTrainer._checkpoint": {
                            "total": 0.05893439999999828,
                            "count": 1,
                            "self": 0.05893439999999828
                        }
                    }
                }
            }
        }
    }
}