{
    "name": "root",
    "gauges": {
        "AI-Opponent.Policy.Entropy.mean": {
            "value": 1.27162504196167,
            "min": 1.27162504196167,
            "max": 1.4032862186431885,
            "count": 15
        },
        "AI-Opponent.Policy.Entropy.sum": {
            "value": 12708.62109375,
            "min": 12708.62109375,
            "max": 14051.10546875,
            "count": 15
        },
        "AI-Opponent.Environment.EpisodeLength.mean": {
            "value": 15.224025974025974,
            "min": 15.057877813504824,
            "max": 28.316715542521994,
            "count": 15
        },
        "AI-Opponent.Environment.EpisodeLength.sum": {
            "value": 9378.0,
            "min": 9366.0,
            "max": 9656.0,
            "count": 15
        },
        "AI-Opponent.Step.mean": {
            "value": 149993.0,
            "min": 9989.0,
            "max": 149993.0,
            "count": 15
        },
        "AI-Opponent.Step.sum": {
            "value": 149993.0,
            "min": 9989.0,
            "max": 149993.0,
            "count": 15
        },
        "AI-Opponent.Policy.ExtrinsicValueEstimate.mean": {
            "value": 662.5275268554688,
            "min": 5.167431831359863,
            "max": 704.2191772460938,
            "count": 15
        },
        "AI-Opponent.Policy.ExtrinsicValueEstimate.sum": {
            "value": 408116.96875,
            "min": 3198.640380859375,
            "max": 409381.40625,
            "count": 15
        },
        "AI-Opponent.Environment.CumulativeReward.mean": {
            "value": 716.354304401325,
            "min": 11.633518503529459,
            "max": 761.7774806920838,
            "count": 15
        },
        "AI-Opponent.Environment.CumulativeReward.sum": {
            "value": 441274.25151121616,
            "min": 6991.744620621204,
            "max": 441892.8604120016,
            "count": 15
        },
        "AI-Opponent.Policy.ExtrinsicReward.mean": {
            "value": 716.354304401325,
            "min": 11.633518503529459,
            "max": 761.7774806920838,
            "count": 15
        },
        "AI-Opponent.Policy.ExtrinsicReward.sum": {
            "value": 441274.25151121616,
            "min": 6991.744620621204,
            "max": 441892.8604120016,
            "count": 15
        },
        "AI-Opponent.Losses.PolicyLoss.mean": {
            "value": 0.24313692336818424,
            "min": 0.23865499146108346,
            "max": 0.25456070082004734,
            "count": 15
        },
        "AI-Opponent.Losses.PolicyLoss.sum": {
            "value": 21.88232310313658,
            "min": 20.36485606560379,
            "max": 22.40695485528211,
            "count": 15
        },
        "AI-Opponent.Losses.ValueLoss.mean": {
            "value": 29188.83705666171,
            "min": 85.77888488896325,
            "max": 91069.09777139718,
            "count": 15
        },
        "AI-Opponent.Losses.ValueLoss.sum": {
            "value": 2626995.3350995537,
            "min": 7462.762985339803,
            "max": 7923011.506111555,
            "count": 15
        },
        "AI-Opponent.Policy.LearningRate.mean": {
            "value": 1.0025229991622221e-05,
            "min": 1.0025229991622221e-05,
            "max": 0.00029009342858954786,
            "count": 15
        },
        "AI-Opponent.Policy.LearningRate.sum": {
            "value": 0.0009022706992459999,
            "min": 0.0009022706992459999,
            "max": 0.025238128287290666,
            "count": 15
        },
        "AI-Opponent.Policy.Epsilon.mean": {
            "value": 0.10334171111111112,
            "min": 0.10334171111111112,
            "max": 0.19669780842911871,
            "count": 15
        },
        "AI-Opponent.Policy.Epsilon.sum": {
            "value": 9.300754000000001,
            "min": 9.300754000000001,
            "max": 17.112709333333328,
            "count": 15
        },
        "AI-Opponent.Policy.Beta.mean": {
            "value": 0.0005000000000000001,
            "min": 0.0005000000000000001,
            "max": 0.0005000000000000001,
            "count": 15
        },
        "AI-Opponent.Policy.Beta.sum": {
            "value": 0.04500000000000001,
            "min": 0.04000000000000001,
            "max": 0.04600000000000001,
            "count": 15
        },
        "AI-Opponent.IsTraining.mean": {
            "value": 1.0,
            "min": 1.0,
            "max": 1.0,
            "count": 15
        },
        "AI-Opponent.IsTraining.sum": {
            "value": 1.0,
            "min": 1.0,
            "max": 1.0,
            "count": 15
        }
    },
    "metadata": {
        "timer_format_version": "0.1.0",
        "start_time_seconds": "1690138812",
        "python_version": "3.10.6 (v3.10.6:9c7b4bd164, Aug  1 2022, 17:13:48) [Clang 13.0.0 (clang-1300.0.29.30)]",
        "command_line_arguments": "/Users/bam1805/Unity Projects/Senior-Project/machine-learning-stuff/virtualenv_ml_code/bin/mlagents-learn ai_opponent_config.yaml --run-id=AIOpponent-platforms-onetime-reward --force",
        "mlagents_version": "0.30.0",
        "mlagents_envs_version": "0.30.0",
        "communication_protocol_version": "1.5.0",
        "pytorch_version": "2.0.1",
        "numpy_version": "1.21.2",
        "end_time_seconds": "1690139631"
    },
    "total": 818.5994120830146,
    "count": 1,
    "self": 0.0028797080158255994,
    "children": {
        "run_training.setup": {
            "total": 0.013415875000646338,
            "count": 1,
            "self": 0.013415875000646338
        },
        "TrainerController.start_learning": {
            "total": 818.5831164999981,
            "count": 1,
            "self": 1.4756733311514836,
            "children": {
                "TrainerController._reset_env": {
                    "total": 4.9639607919962145,
                    "count": 1,
                    "self": 4.9639607919962145
                },
                "TrainerController.advance": {
                    "total": 812.0880568758294,
                    "count": 157508,
                    "self": 1.2593102564278524,
                    "children": {
                        "env_step": {
                            "total": 750.0877687723842,
                            "count": 157508,
                            "self": 707.7318973040092,
                            "children": {
                                "SubprocessEnvManager._take_step": {
                                    "total": 41.30233253518236,
                                    "count": 157508,
                                    "self": 3.270245968073141,
                                    "children": {
                                        "TorchPolicy.evaluate": {
                                            "total": 38.03208656710922,
                                            "count": 150010,
                                            "self": 38.03208656710922
                                        }
                                    }
                                },
                                "workers": {
                                    "total": 1.0535389331926126,
                                    "count": 157508,
                                    "self": 0.0,
                                    "children": {
                                        "worker_root": {
                                            "total": 811.5761738849105,
                                            "count": 157508,
                                            "is_parallel": true,
                                            "self": 165.77996934665134,
                                            "children": {
                                                "steps_from_proto": {
                                                    "total": 0.0003917499852832407,
                                                    "count": 1,