{
    "name": "root",
    "gauges": {
        "AI-Opponent.Policy.Entropy.mean": {
            "value": 1.2222086191177368,
            "min": 1.2222086191177368,
            "max": 1.4024362564086914,
            "count": 25
        },
        "AI-Opponent.Policy.Entropy.sum": {
            "value": 12217.197265625,
            "min": 12217.197265625,
            "max": 14038.38671875,
            "count": 25
        },
        "AI-Opponent.Environment.EpisodeLength.mean": {
            "value": 16.264248704663213,
            "min": 15.707357859531772,
            "max": 42.90350877192982,
            "count": 25
        },
        "AI-Opponent.Environment.EpisodeLength.sum": {
            "value": 9417.0,
            "min": 9393.0,
            "max": 9782.0,
            "count": 25
        },
        "AI-Opponent.Step.mean": {
            "value": 249969.0,
            "min": 9990.0,
            "max": 249969.0,
            "count": 25
        },
        "AI-Opponent.Step.sum": {
            "value": 249969.0,
            "min": 9990.0,
            "max": 249969.0,
            "count": 25
        },
        "AI-Opponent.Policy.ExtrinsicValueEstimate.mean": {
            "value": 759.9631958007812,
            "min": 59.38483810424805,
            "max": 785.998779296875,
            "count": 25
        },
        "AI-Opponent.Policy.ExtrinsicValueEstimate.sum": {
            "value": 440018.6875,
            "min": 15915.13671875,
            "max": 450868.09375,
            "count": 25
        },
        "AI-Opponent.Environment.CumulativeReward.mean": {
            "value": 823.9270498637296,
            "min": 114.3342266046003,
            "max": 842.1967976960269,
            "count": 25
        },
        "AI-Opponent.Environment.CumulativeReward.sum": {
            "value": 477053.7618710995,
            "min": 25953.86943924427,
            "max": 486050.2218902409,
            "count": 25
        },
        "AI-Opponent.Policy.ExtrinsicReward.mean": {
            "value": 823.9270498637296,
            "min": 114.3342266046003,
            "max": 842.1967976960269,
            "count": 25
        },
        "AI-Opponent.Policy.ExtrinsicReward.sum": {
            "value": 477053.7618710995,
            "min": 25953.86943924427,
            "max": 486050.2218902409,
            "count": 25
        },
        "AI-Opponent.Losses.PolicyLoss.mean": {
            "value": 0.23174016477072856,
            "min": 0.2297713106575809,
            "max": 0.24929364585474348,
            "count": 25
        },
        "AI-Opponent.Losses.PolicyLoss.sum": {
            "value": 20.62487466459484,
            "min": 19.576682414992405,
            "max": 22.04352551657131,
            "count": 25
        },
        "AI-Opponent.Losses.ValueLoss.mean": {
            "value": 13772.229476565619,
            "min": 10829.47319064355,
            "max": 76163.88522713071,
            "count": 25
        },
        "AI-Opponent.Losses.ValueLoss.sum": {
            "value": 1225728.42341434,
            "min": 855528.3820608404,
            "max": 6397766.35907898,
            "count": 25
        },
        "AI-Opponent.Policy.LearningRate.mean": {
            "value": 6.018232825415729e-06,
            "min": 6.018232825415729e-06,
            "max": 0.00029399634124172654,
            "count": 25
        },
        "AI-Opponent.Policy.LearningRate.sum": {
            "value": 0.0005356227214619999,
            "min": 0.0005356227214619999,
            "max": 0.0234041332986224,
            "count": 25
        },
        "AI-Opponent.Policy.Epsilon.mean": {
            "value": 0.10200604494382025,
            "min": 0.10200604494382025,
            "max": 0.19799877974683544,
            "count": 25
        },
        "AI-Opponent.Policy.Epsilon.sum": {
            "value": 9.078538000000002,
            "min": 9.078538000000002,
            "max": 16.101377600000003,
            "count": 25
        },
        "AI-Opponent.Policy.Beta.mean": {
            "value": 0.0005000000000000001,
            "min": 0.0005000000000000001,
            "max": 0.0005000000000000001,
            "count": 25
        },
        "AI-Opponent.Policy.Beta.sum": {
            "value": 0.04450000000000001,
            "min": 0.03950000000000001,
            "max": 0.04600000000000001,
            "count": 25
        },
        "AI-Opponent.IsTraining.mean": {
            "value": 1.0,
            "min": 1.0,
            "max": 1.0,
            "count": 25
        },
        "AI-Opponent.IsTraining.sum": {
            "value": 1.0,
            "min": 1.0,
            "max": 1.0,
            "count": 25
        }
    },
    "metadata": {
        "timer_format_version": "0.1.0",
        "start_time_seconds": "1690333917",
        "python_version": "3.10.6 (v3.10.6:9c7b4bd164, Aug  1 2022, 17:13:48) [Clang 13.0.0 (clang-1300.0.29.30)]",
        "command_line_arguments": "/Users/bam1805/Unity Projects/Senior-Project/machine-learning-stuff/virtualenv_ml_code/bin/mlagents-learn ai_opponent_config.yaml --run-id=AIOpponent-spiral-platforms --force",
        "mlagents_version": "0.30.0",
        "mlagents_envs_version": "0.30.0",
        "communication_protocol_version": "1.5.0",
        "pytorch_version": "2.0.1",
        "numpy_version": "1.21.2",
        "end_time_seconds": "1690335096"
    },
    "total": 1179.1350247910013,
    "count": 1,
    "self": 0.003310416010208428,
    "children": {
        "run_training.setup": {
            "total": 0.013333999988390133,
            "count": 1,
            "self": 0.013333999988390133
        },
        "TrainerController.start_learning": {
            "total": 1179.1183803750027,
            "count": 1,
            "self": 2.152266536693787,
            "children": {
                "TrainerController._reset_env": {
                    "total": 3.9809454170172103,
                    "count": 1,
                    "self": 3.9809454170172103
                },
                "TrainerController.advance": {
                    "total": 1172.9029440042796,
                    "count": 261149,
                    "self": 1.8634287276363466,
                    "children": {
                        "env_step": {
                            "total": 1068.0995485723543,
                            "count": 261149,
                            "self": 1003.0199178543407,
                            "children": {
                                "SubprocessEnvManager._take_step": {
                                    "total": 63.50085411235341,
                                    "count": 261149,
                                    "self": 5.09676528480486,
                                    "children": {
                                        "TorchPolicy.evaluate": {
                                            "total": 58.40408882754855,
                                            "count": 250010,
                                            "self": 58.40408882754855
                                        }
                                    }
                                },
                                "workers": {
                                    "total": 1.5787766056600958,
                                    "count": 261149,
                                    "self": 0.0,
                                    "children": {
                                        "worker_root": {
                                            "total": 1172.3375074391952,
                                            "count": 261149,
                                            "is_parallel": true,
                                            "self": 262.1525572951359,
                                            "children": {
                                                "steps_from_proto": {
                                                    "total": 0.0005261249898467213,
                                                    "count": 1,